{"meta":{"version":1,"warehouse":"5.0.1"},"models":{"Asset":[{"_id":"node_modules\\hexo-theme-stellar\\source\\css\\main.styl","path":"css/main.styl","modified":1,"renderable":1},{"_id":"node_modules\\hexo-theme-stellar\\source\\js\\main.js","path":"js/main.js","modified":1,"renderable":1},{"_id":"node_modules\\hexo-theme-stellar\\source\\js\\plugins\\copycode.js","path":"js/plugins/copycode.js","modified":1,"renderable":1},{"_id":"node_modules\\hexo-theme-stellar\\source\\js\\search\\algolia-search.js","path":"js/search/algolia-search.js","modified":1,"renderable":1},{"_id":"node_modules\\hexo-theme-stellar\\source\\js\\search\\local-search.js","path":"js/search/local-search.js","modified":1,"renderable":1},{"_id":"node_modules\\hexo-theme-stellar\\source\\js\\services\\fcircle.js","path":"js/services/fcircle.js","modified":1,"renderable":1},{"_id":"node_modules\\hexo-theme-stellar\\source\\js\\services\\friends.js","path":"js/services/friends.js","modified":1,"renderable":1},{"_id":"node_modules\\hexo-theme-stellar\\source\\js\\services\\ghinfo.js","path":"js/services/ghinfo.js","modified":1,"renderable":1},{"_id":"node_modules\\hexo-theme-stellar\\source\\js\\services\\mdrender.js","path":"js/services/mdrender.js","modified":1,"renderable":1},{"_id":"node_modules\\hexo-theme-stellar\\source\\js\\services\\memos.js","path":"js/services/memos.js","modified":1,"renderable":1},{"_id":"node_modules\\hexo-theme-stellar\\source\\js\\services\\siteinfo.js","path":"js/services/siteinfo.js","modified":1,"renderable":1},{"_id":"node_modules\\hexo-theme-stellar\\source\\js\\services\\sites.js","path":"js/services/sites.js","modified":1,"renderable":1},{"_id":"node_modules\\hexo-theme-stellar\\source\\js\\services\\timeline.js","path":"js/services/timeline.js","modified":1,"renderable":1},{"_id":"node_modules\\hexo-theme-stellar\\source\\js\\services\\weibo.js","path":"js/services/weibo.js","modified":1,"renderable":1}],"Cache":[{"_id":"source\\_data\\wiki.yml","hash":"eb49b9f9abab2a559f68a622bc0d9978e83f26bd","modified":1715102684292},{"_id":"source\\_posts\\intro.md","hash":"c425bca376768f973ad5e5ebf75a20aac21f092a","modified":1714132652574},{"_id":"source\\friends\\index.md","hash":"cf2e7b373124f7e5a0b7f351e7f2f6b6fcbf072a","modified":1715104124704},{"_id":"source\\friends\\physics.md","hash":"778d9678e3e841a563f9162f14567dc7bb6776f2","modified":1715104132189},{"_id":"source\\friends\\sgy.md","hash":"b08db30bd6df98a0327d3d1a1b4cd66cc67bfaa4","modified":1715104129744},{"_id":"source\\_data\\wiki\\friends.yml","hash":"e1b8e16c96d944cb34ce761bb15dc235e3dc482f","modified":1715104350129},{"_id":"source\\_data\\wiki\\test.yml","hash":"9ac333f65bdc64039d324085dc8b669bd48c94b2","modified":1715104335961},{"_id":"source\\friends\\SJTU\\physics.md","hash":"e69f333d9c73ebc63add321c04d176e03cc9862e","modified":1715104127377},{"_id":"source\\wiki\\test\\examples.md","hash":"4185078e6fcacc8b5d520ec2ef0b32b8323612ff","modified":1715102049397},{"_id":"source\\wiki\\test\\index.md","hash":"9ebe5af7051c0c746c9ddcbfaeed236670e18f70","modified":1715101278568},{"_id":"source\\wiki\\test\\releases.md","hash":"1e32988123154ce8f8e7ba18e1c541842fc346ac","modified":1715102059638},{"_id":"node_modules\\hexo-theme-stellar\\layout\\_partial\\widgets\\search.ejs","hash":"da39a3ee5e6b4b0d3255bfef95601890afd80709","modified":1714130040679},{"_id":"node_modules\\hexo-theme-stellar\\source\\css\\_layout\\widgets\\tree.styl","hash":"da39a3ee5e6b4b0d3255bfef95601890afd80709","modified":1714130040833},{"_id":"node_modules\\hexo-theme-stellar\\_config.yml","hash":"cd6042201559e794cdb76f88899af697f440e6b4","modified":1714130040630},{"_id":"node_modules\\hexo-theme-stellar\\package.json","hash":"1bff9d8feefe4af8f8b885d9ce58cb37f8ced0ae","modified":1714130040631},{"_id":"node_modules\\hexo-theme-stellar\\_data\\icons.yml","hash":"9277de7655c8685f5e248f83319dc536ee410da0","modified":1714130040632},{"_id":"node_modules\\hexo-theme-stellar\\_data\\widgets.yml","hash":"574136777d8e9c06ed9642afce9f68c21b46d20b","modified":1714130040633},{"_id":"node_modules\\hexo-theme-stellar\\languages\\en.yml","hash":"67844eb2a01196cd5183024a0e0127d1171ac4dd","modified":1714130040634},{"_id":"node_modules\\hexo-theme-stellar\\languages\\zh-CN.yml","hash":"001d964a870295f4c43dd21639a5e32dc66f83ea","modified":1714130040634},{"_id":"node_modules\\hexo-theme-stellar\\languages\\zh-TW.yml","hash":"ec2773e8d98b133bcdcb0791a38d8246bd0bde10","modified":1714130040635},{"_id":"node_modules\\hexo-theme-stellar\\layout\\404.ejs","hash":"d84f01256feb3c0bc0b280031fb78ae9f0d86f26","modified":1714130040636},{"_id":"node_modules\\hexo-theme-stellar\\layout\\archive.ejs","hash":"af072e9b75e8d5371771237e71a1f1381078526a","modified":1714130040637},{"_id":"node_modules\\hexo-theme-stellar\\layout\\categories.ejs","hash":"eaf71831abd6780690f26fa1a7cf83bc6f08d7e9","modified":1714130040637},{"_id":"node_modules\\hexo-theme-stellar\\layout\\index.ejs","hash":"ea5fa65b2049bc1c4c8c247972a79310468e3c68","modified":1714130040638},{"_id":"node_modules\\hexo-theme-stellar\\layout\\index_topic.ejs","hash":"6bffb1488ce9c2c4b04386cb7fe61792ae5491f2","modified":1714130040639},{"_id":"node_modules\\hexo-theme-stellar\\layout\\layout.ejs","hash":"c127d1345d24f75afeb1360e5c7e873f56aa8352","modified":1714130040640},{"_id":"node_modules\\hexo-theme-stellar\\layout\\index_wiki.ejs","hash":"9e7dc6941c5205ed60fa7abfb1f36ae19e2f3834","modified":1714130040639},{"_id":"node_modules\\hexo-theme-stellar\\layout\\page.ejs","hash":"995522b7ed87fc89b8d70f650703363601e36174","modified":1714130040640},{"_id":"node_modules\\hexo-theme-stellar\\layout\\_partial\\head.ejs","hash":"78287469a403a326295561d1b590fd1cd822452c","modified":1714130040642},{"_id":"node_modules\\hexo-theme-stellar\\layout\\tags.ejs","hash":"4ff8ccff9a9c8d373df788fbc0bebdc87302056e","modified":1714130040641},{"_id":"node_modules\\hexo-theme-stellar\\layout\\_partial\\menubtn.ejs","hash":"36775d16431301a6ac02858f32a8ee470ef8332f","modified":1714130040642},{"_id":"node_modules\\hexo-theme-stellar\\layout\\_partial\\scripts.ejs","hash":"fed6172e9f4c1ac489e18b3c4867344c1e6cfe88","modified":1714130040643},{"_id":"node_modules\\hexo-theme-stellar\\layout\\_plugins\\copycode.ejs","hash":"7cedd8eced00f6813f7d772334ec92acbc8bd982","modified":1714130040643},{"_id":"node_modules\\hexo-theme-stellar\\layout\\_plugins\\fancybox.ejs","hash":"f0ce18c61b1cf475a505611384508574179ede85","modified":1714130040644},{"_id":"node_modules\\hexo-theme-stellar\\layout\\_plugins\\index.ejs","hash":"29407e95f14d4d50c1f8a8b9a5af242927676432","modified":1714130040645},{"_id":"node_modules\\hexo-theme-stellar\\layout\\_plugins\\mathjax.ejs","hash":"c1621e718747a6eb34734e7e4a8364f5a78dc714","modified":1714130040646},{"_id":"node_modules\\hexo-theme-stellar\\layout\\_plugins\\preload.ejs","hash":"f25523da5633b249da8cebe7c866265bf7825697","modified":1714130040648},{"_id":"node_modules\\hexo-theme-stellar\\layout\\_plugins\\mermaid.ejs","hash":"8ef22ac075890554521f464f6b92dc1fb7538b37","modified":1714130040647},{"_id":"node_modules\\hexo-theme-stellar\\layout\\_plugins\\scrollreveal.ejs","hash":"1f3b98068a4db7ec709b47e134520af16f59fa71","modified":1714130040648},{"_id":"node_modules\\hexo-theme-stellar\\layout\\_plugins\\swiper.ejs","hash":"b80d6185c0263375df82498705a98ad32238b12f","modified":1714130040649},{"_id":"node_modules\\hexo-theme-stellar\\layout\\_plugins\\tianli_gpt.ejs","hash":"961b9131a2f0e30afa94c6a3c35dd7869b69f0cc","modified":1714130040649},{"_id":"node_modules\\hexo-theme-stellar\\scripts\\events\\index.js","hash":"38e64f33a00ee328d22774890dc963c1196bd7f1","modified":1714130040650},{"_id":"node_modules\\hexo-theme-stellar\\layout\\_plugins\\heti.ejs","hash":"c3956c8fd5fabd4ec8cea05dc076bf7a03eb012a","modified":1714130040645},{"_id":"node_modules\\hexo-theme-stellar\\layout\\_plugins\\lazyload.ejs","hash":"e2b07b0c97d531c82cc02a80610fe0c1a39bc837","modified":1714130040646},{"_id":"node_modules\\hexo-theme-stellar\\scripts\\generators\\404.js","hash":"66b53d2b35b18d5f3835b47467c23f31eb322553","modified":1714130040652},{"_id":"node_modules\\hexo-theme-stellar\\scripts\\generators\\author.js","hash":"0de0824fdbc4f67c84910267901095504b253751","modified":1714130040653},{"_id":"node_modules\\hexo-theme-stellar\\scripts\\generators\\categories.js","hash":"936d4d406fd401359bab1e5f74c6e1e097e8f092","modified":1714130040654},{"_id":"node_modules\\hexo-theme-stellar\\scripts\\generators\\search.js","hash":"404f28ea5d77cee462a551d8f74c9f7c41f73ba0","modified":1714130040654},{"_id":"node_modules\\hexo-theme-stellar\\scripts\\generators\\tags.js","hash":"ed29755154d8e7a9346019ba4ac8782a8649b177","modified":1714130040655},{"_id":"node_modules\\hexo-theme-stellar\\scripts\\generators\\topic.js","hash":"88c0f2990365fb0ce751682815e07f36cf333d3f","modified":1714130040655},{"_id":"node_modules\\hexo-theme-stellar\\scripts\\generators\\wiki.js","hash":"61efe22787c3fea9d935df4b088a9dd2d1af0868","modified":1714130040656},{"_id":"node_modules\\hexo-theme-stellar\\scripts\\helpers\\category_color.js","hash":"20b19d6b6307cdeb0b0832bf4931366abe972490","modified":1714130040656},{"_id":"node_modules\\hexo-theme-stellar\\scripts\\helpers\\icon.js","hash":"b7c84be7f08abc1725f351ed8718791a861466c3","modified":1714130040657},{"_id":"node_modules\\hexo-theme-stellar\\scripts\\helpers\\parse_config.js","hash":"1251d82318972f22283dc7a089b77a3f0135b1b6","modified":1714130040657},{"_id":"node_modules\\hexo-theme-stellar\\scripts\\filters\\index.js","hash":"5667f028990dd556133080090a5fcb00c64f05ac","modified":1714130040651},{"_id":"node_modules\\hexo-theme-stellar\\scripts\\helpers\\related_posts.js","hash":"6763a97fa25669fa1d1aa8e5291919deb5dc7f67","modified":1714130040658},{"_id":"node_modules\\hexo-theme-stellar\\scripts\\helpers\\scrollreveal.js","hash":"57e3da4a3dd751b3ebd384a674e26f08f69da018","modified":1714130040658},{"_id":"node_modules\\hexo-theme-stellar\\scripts\\helpers\\utils.js","hash":"05c127baa250b192c9c673355bf90d7134e1ea11","modified":1714130040659},{"_id":"node_modules\\hexo-theme-stellar\\scripts\\helpers\\stellar_info.js","hash":"5b7a10c8b09237a467767f5467749c7d9378c2c1","modified":1714130040659},{"_id":"node_modules\\hexo-theme-stellar\\scripts\\tags\\index.js","hash":"9276f2e8f476699b682b3a4de6e1c6bddc971f99","modified":1714130040660},{"_id":"node_modules\\hexo-theme-stellar\\scripts\\tags\\inline-labels.js","hash":"a9cb7520af8a95f467c048128c036cbb3167fb8d","modified":1714130040661},{"_id":"node_modules\\hexo-theme-stellar\\README.md","hash":"d474d9b14cafda27ab291336cbdb4ac91bfec756","modified":1714130040629},{"_id":"node_modules\\hexo-theme-stellar\\LICENSE","hash":"7fdfdb5dbc7d672fa28a2a3c9efa03ff8df5917d","modified":1714130040628},{"_id":"node_modules\\hexo-theme-stellar\\source\\css\\main.styl","hash":"28f7f6f69ed6aa3083784c0f4c1b17955dc5924e","modified":1714130040662},{"_id":"node_modules\\hexo-theme-stellar\\layout\\_partial\\comments\\layout.ejs","hash":"3dbdb141d295d25b4f67fd0e299c40baa38241a8","modified":1714130040664},{"_id":"node_modules\\hexo-theme-stellar\\layout\\_partial\\comments\\script.ejs","hash":"62be59ef634ceee342c81ecc4e23cb664cdbf620","modified":1714130040664},{"_id":"node_modules\\hexo-theme-stellar\\layout\\_partial\\cover\\post_cover.ejs","hash":"59e6ae6726ded33e3d84208fd4a4872a6431fcc7","modified":1714130040665},{"_id":"node_modules\\hexo-theme-stellar\\layout\\_partial\\cover\\wiki_cover.ejs","hash":"8374cf58d5cc52799b8e1c8af95dd84c65372173","modified":1714130040666},{"_id":"node_modules\\hexo-theme-stellar\\layout\\_partial\\cover\\index.ejs","hash":"4b317700640749b1e04e6d51a542a2bcd28c8b72","modified":1714130040665},{"_id":"node_modules\\hexo-theme-stellar\\layout\\_partial\\scripts\\defines.ejs","hash":"93393f0fbd25f09363ada3adefd97ccb9ebd5893","modified":1714130040668},{"_id":"node_modules\\hexo-theme-stellar\\source\\css\\_custom.styl","hash":"58e0e4d48aa890a48604873e76cb8a44a04b6d3d","modified":1714130040662},{"_id":"node_modules\\hexo-theme-stellar\\layout\\_partial\\scripts\\services.ejs","hash":"ebe96e8b8edef9f48c80cff0e97b588dc8a1c859","modified":1714130040668},{"_id":"node_modules\\hexo-theme-stellar\\layout\\_partial\\scripts\\sidebar.ejs","hash":"403b6986bfc54177a7ee3ddba9e0a55e7b79e3a1","modified":1714130040669},{"_id":"node_modules\\hexo-theme-stellar\\layout\\_partial\\main\\footer.ejs","hash":"50f38f094dbbba887632fb3104c78b8be9eb39c7","modified":1714130040667},{"_id":"node_modules\\hexo-theme-stellar\\layout\\_partial\\scripts\\utils.ejs","hash":"a2a0d37c33b05c9020dbebe457e53283bff72a95","modified":1714130040669},{"_id":"node_modules\\hexo-theme-stellar\\layout\\_partial\\sidebar\\index_rightbar.ejs","hash":"2e32bd7776f8caffbfc11ccd3393611480690fbf","modified":1714130040671},{"_id":"node_modules\\hexo-theme-stellar\\source\\js\\main.js","hash":"ab563d681848bbfee4456fe269f1c1008678861e","modified":1714130040663},{"_id":"node_modules\\hexo-theme-stellar\\layout\\_partial\\sidebar\\index_leftbar.ejs","hash":"5a0b325540f2f8804c1843f3a4881cc4682c08f6","modified":1714130040670},{"_id":"node_modules\\hexo-theme-stellar\\layout\\_partial\\widgets\\author.ejs","hash":"4c7eab461e45a7a5863333e9904dadbed6c8ca0c","modified":1714130040673},{"_id":"node_modules\\hexo-theme-stellar\\layout\\_partial\\sidebar\\menu.ejs","hash":"59d579a0eaec7572485d8d4d22341de79a890d00","modified":1714130040672},{"_id":"node_modules\\hexo-theme-stellar\\layout\\_partial\\widgets\\ghissues.ejs","hash":"410f56e6da87e7a1476d033c6939a0241658a598","modified":1714130040674},{"_id":"node_modules\\hexo-theme-stellar\\layout\\_partial\\sidebar\\search.ejs","hash":"058c19e09f2c702480ad543b194ae3fa187dc9da","modified":1714130040672},{"_id":"node_modules\\hexo-theme-stellar\\layout\\_partial\\sidebar\\logo.ejs","hash":"cd08385b0026953cd9adf5c22af528b9c3e924e7","modified":1714130040671},{"_id":"node_modules\\hexo-theme-stellar\\layout\\_partial\\widgets\\ghuser.ejs","hash":"5d8cf68b091f8bf4b88ac230495bc2dec561ad6a","modified":1714130040676},{"_id":"node_modules\\hexo-theme-stellar\\layout\\_partial\\widgets\\markdown.ejs","hash":"7ce0ce941c55e42c545c1fffa77a3db07e1989b1","modified":1714130040677},{"_id":"node_modules\\hexo-theme-stellar\\layout\\_partial\\widgets\\recent.ejs","hash":"a5fcb3be545dbbc6a57f3e6dda47c30114c74148","modified":1714130040678},{"_id":"node_modules\\hexo-theme-stellar\\layout\\_partial\\widgets\\ghrepo.ejs","hash":"e7d23ff8f8c96f77685e441c7f6040430d07a21a","modified":1714130040675},{"_id":"node_modules\\hexo-theme-stellar\\layout\\_partial\\widgets\\tagcloud.ejs","hash":"d95c26f84c7d9061ba3ef6188d58fa14f1c63bf3","modified":1714130040680},{"_id":"node_modules\\hexo-theme-stellar\\layout\\_partial\\widgets\\related.ejs","hash":"ac6040f2067c799836d5dc4abacf0b879a156d88","modified":1714130040679},{"_id":"node_modules\\hexo-theme-stellar\\layout\\_partial\\widgets\\linklist.ejs","hash":"813336cbbe4505e9be42d5682fd7b720dba25194","modified":1714130040677},{"_id":"node_modules\\hexo-theme-stellar\\layout\\_partial\\widgets\\timeline.ejs","hash":"745b384871291e0cf2f6ceb4a0c12989b4e8cd62","modified":1714130040680},{"_id":"node_modules\\hexo-theme-stellar\\layout\\_plugins\\search\\algolia_search.ejs","hash":"654fa8e2d695e5aa16988dfcd7dfab1b9b27d6f9","modified":1714130040682},{"_id":"node_modules\\hexo-theme-stellar\\layout\\_partial\\widgets\\tree.ejs","hash":"2a7d37a843e32d073be4637bc17980e368a16003","modified":1714130040681},{"_id":"node_modules\\hexo-theme-stellar\\layout\\_partial\\widgets\\toc.ejs","hash":"63c01fb3c03187e214a9d19fc0ab72fd74031e3b","modified":1714130040681},{"_id":"node_modules\\hexo-theme-stellar\\layout\\_plugins\\search\\local_search.ejs","hash":"38a3641bb532583b699fda42175cb14242f07575","modified":1714130040682},{"_id":"node_modules\\hexo-theme-stellar\\scripts\\events\\lib\\authors.js","hash":"eedefb5430fc4176bdc2814c8a88295f0e524d10","modified":1714130040683},{"_id":"node_modules\\hexo-theme-stellar\\scripts\\events\\lib\\config.js","hash":"ab74c3df31ad21b842d859af40c1131dbd8fd2d7","modified":1714130040683},{"_id":"node_modules\\hexo-theme-stellar\\scripts\\events\\lib\\doc_tree.js","hash":"e217f244af98b1151e7f57e9e77812f3a1e2ad78","modified":1714130040684},{"_id":"node_modules\\hexo-theme-stellar\\scripts\\events\\lib\\merge_posts.js","hash":"4e45b8dc5317f7d66bc14879ae6b5f972123ce5d","modified":1714130040684},{"_id":"node_modules\\hexo-theme-stellar\\scripts\\events\\lib\\links.js","hash":"881cac75e4071d219a18156738e18eb397d83c00","modified":1714130040684},{"_id":"node_modules\\hexo-theme-stellar\\scripts\\events\\lib\\topic_tree.js","hash":"7f735f2573c87d202e2d4b845307d0725d619e8e","modified":1714130040686},{"_id":"node_modules\\hexo-theme-stellar\\scripts\\events\\lib\\utils.js","hash":"271ba6c8cc997e4f55b2e146a99bde8301818400","modified":1714130040687},{"_id":"node_modules\\hexo-theme-stellar\\scripts\\filters\\lib\\img_lazyload.js","hash":"b3dedcc1fc4189589e63d4fa6f169a70e9d63cd1","modified":1714130040687},{"_id":"node_modules\\hexo-theme-stellar\\scripts\\filters\\lib\\img_onerror.js","hash":"d44a8e20d4d537c0cf85b980e1fc3bc84865a2d3","modified":1714130040688},{"_id":"node_modules\\hexo-theme-stellar\\scripts\\tags\\lib\\about.js","hash":"c9778c35c1ccd9f2018174bafbd37b23dd52cf62","modified":1714130040689},{"_id":"node_modules\\hexo-theme-stellar\\scripts\\tags\\lib\\albums.js","hash":"9fd16a8ceffd1806c25582062af7a72eca0e5c56","modified":1714130040689},{"_id":"node_modules\\hexo-theme-stellar\\scripts\\tags\\lib\\audio.js","hash":"9b094b16dce131a5c09373661c88a1de9b5326f7","modified":1714130040689},{"_id":"node_modules\\hexo-theme-stellar\\scripts\\tags\\lib\\banner.js","hash":"1fceb77a37ecaddf38c03aa655eec878701427c0","modified":1714130040690},{"_id":"node_modules\\hexo-theme-stellar\\scripts\\tags\\lib\\box.js","hash":"753ae16a343ae82628f2057bd9cf09ea376fdbb5","modified":1714130040691},{"_id":"node_modules\\hexo-theme-stellar\\scripts\\tags\\lib\\emoji.js","hash":"e10f68f69206fc6e9d0c478630be2b4514d328d7","modified":1714130040692},{"_id":"node_modules\\hexo-theme-stellar\\scripts\\tags\\lib\\checkbox.js","hash":"69caf7488b6c92cb2524df81ece6f33a46a89fe0","modified":1714130040692},{"_id":"node_modules\\hexo-theme-stellar\\scripts\\tags\\lib\\button.js","hash":"e0890a759335b1c5ad09db084bcf62073b2557cb","modified":1714130040691},{"_id":"node_modules\\hexo-theme-stellar\\scripts\\tags\\lib\\copy.js","hash":"d22a82b6fd9c96c7ac49677b427e6c629fa889d7","modified":1714130040692},{"_id":"node_modules\\hexo-theme-stellar\\scripts\\tags\\lib\\folders.js","hash":"853a75c8b4f445f64a18420929c31865db30cd39","modified":1714130040694},{"_id":"node_modules\\hexo-theme-stellar\\scripts\\tags\\lib\\frame.js","hash":"1251a8622260af8efc55c2f0aac8ee5cf79d9043","modified":1714130040695},{"_id":"node_modules\\hexo-theme-stellar\\scripts\\tags\\lib\\gallery.js","hash":"56a9309b096cbe1876a1e8c2b7c3f692325135e1","modified":1714130040696},{"_id":"node_modules\\hexo-theme-stellar\\scripts\\tags\\lib\\friends.js","hash":"da08a75ad3579464debe8da2dd57314bd641dbb2","modified":1714130040696},{"_id":"node_modules\\hexo-theme-stellar\\scripts\\tags\\lib\\grid.js","hash":"dad59b638c2fd30538e3a69bf0c8d76d34cf3ece","modified":1714130040697},{"_id":"node_modules\\hexo-theme-stellar\\scripts\\tags\\lib\\hashtag.js","hash":"f38ce98fff40ed35be9b1f1be3194bc4c5d44dc3","modified":1714130040698},{"_id":"node_modules\\hexo-theme-stellar\\scripts\\tags\\lib\\icon.js","hash":"273898ae29a07c1baccb432efa0d33ccfabe7db9","modified":1714130040698},{"_id":"node_modules\\hexo-theme-stellar\\scripts\\tags\\lib\\image.js","hash":"675ad588b61f5a00c01d4fa96c1c388df5366c4a","modified":1714130040699},{"_id":"node_modules\\hexo-theme-stellar\\scripts\\tags\\lib\\mark.js","hash":"cfd8198f349dba60fbdf53042b6ebd9a0ba521c7","modified":1714130040700},{"_id":"node_modules\\hexo-theme-stellar\\scripts\\tags\\lib\\link.js","hash":"8a1297c324749f98e24036d3aa91ad374ad1d930","modified":1714130040699},{"_id":"node_modules\\hexo-theme-stellar\\scripts\\tags\\lib\\md.js","hash":"6ed5db6d055dbfe01ecaeddbd0ead13a20ba7e74","modified":1714130040700},{"_id":"node_modules\\hexo-theme-stellar\\scripts\\tags\\lib\\folding.js","hash":"b1efa6e86b1f8f25a58376349f21117902e5bb01","modified":1714130040694},{"_id":"node_modules\\hexo-theme-stellar\\scripts\\tags\\lib\\navbar.js","hash":"e78ca3469c44362c7d8c3ad8899f49a119b326ff","modified":1714130040701},{"_id":"node_modules\\hexo-theme-stellar\\scripts\\tags\\lib\\note.js","hash":"a70d1fcb440ad029ddddb72b053a59b1ed3bfef8","modified":1714130040701},{"_id":"node_modules\\hexo-theme-stellar\\scripts\\tags\\lib\\ghcard.js","hash":"039ee39d8dba7c0aa0e267de38f9064b30855a55","modified":1714130040697},{"_id":"node_modules\\hexo-theme-stellar\\scripts\\tags\\lib\\okr.js","hash":"8e7a7d912e4f5e1fe1feb6125e4762c378b11ba3","modified":1714130040702},{"_id":"node_modules\\hexo-theme-stellar\\scripts\\tags\\lib\\posters.js","hash":"713e1367f3a60e5903954a8fab15b0d9d9cfd89a","modified":1714130040703},{"_id":"node_modules\\hexo-theme-stellar\\scripts\\tags\\lib\\quot.js","hash":"e87c2d55973a688837072e3d0b7cfdffc58dde5b","modified":1714130040703},{"_id":"node_modules\\hexo-theme-stellar\\scripts\\tags\\lib\\poetry.js","hash":"c36321caeec845ed131bdd0922bff25eb59f086a","modified":1714130040702},{"_id":"node_modules\\hexo-theme-stellar\\scripts\\tags\\lib\\sites.js","hash":"298f42f3097a19e5d229099964e15dac7d46e1b0","modified":1714130040704},{"_id":"node_modules\\hexo-theme-stellar\\scripts\\tags\\lib\\swiper.js","hash":"dc025c79b190d233383fec001ddbe478f2675cc8","modified":1714130040704},{"_id":"node_modules\\hexo-theme-stellar\\scripts\\tags\\lib\\timeline.js","hash":"f1defeed67e56c055f37ee7fab8a597a9d14f89e","modified":1714130040705},{"_id":"node_modules\\hexo-theme-stellar\\scripts\\tags\\lib\\toc.js","hash":"d7b51b66d7b83a77e501930e735092a9967d5d18","modified":1714130040705},{"_id":"node_modules\\hexo-theme-stellar\\scripts\\tags\\lib\\tabs.js","hash":"1b3d7b6b962293b44430e7b40560b8d1fa5c618d","modified":1714130040704},{"_id":"node_modules\\hexo-theme-stellar\\scripts\\tags\\lib\\video.js","hash":"9f580f1483e6c24eba6ff96aef8f52ee3bf85b71","modified":1714130040706},{"_id":"node_modules\\hexo-theme-stellar\\source\\css\\_common\\blockquote.styl","hash":"f107e6f399382a6663722bc2e823986c257da9a3","modified":1714130040707},{"_id":"node_modules\\hexo-theme-stellar\\source\\css\\_common\\cap.styl","hash":"c99286644d4a44dc76e1fe9a3af1815112f65acc","modified":1714130040710},{"_id":"node_modules\\hexo-theme-stellar\\source\\css\\_common\\control.styl","hash":"75081ca9d522a76ec4acffb8111c918b2297650a","modified":1714130040710},{"_id":"node_modules\\hexo-theme-stellar\\source\\css\\_common\\html.styl","hash":"e7f596ff7294517096f5cb27f5af53b1a797e047","modified":1714130040711},{"_id":"node_modules\\hexo-theme-stellar\\source\\css\\_common\\base.styl","hash":"2986c5771652c353a320f4404ceeb1c6b257a6ed","modified":1714130040707},{"_id":"node_modules\\hexo-theme-stellar\\source\\css\\_common\\image.styl","hash":"cca1103a9185202b13be49e16d77d259e9ffb482","modified":1714130040711},{"_id":"node_modules\\hexo-theme-stellar\\source\\css\\_common\\input.styl","hash":"953fc87072cd760d92dfef55310addbb17bb2b51","modified":1714130040712},{"_id":"node_modules\\hexo-theme-stellar\\source\\css\\_common\\device.styl","hash":"d35956216d91d064631260c7e47d6532dbeb2f53","modified":1714130040710},{"_id":"node_modules\\hexo-theme-stellar\\source\\css\\_common\\layout.styl","hash":"c7d0d3c70087e14bd1f6d8d50d56762d8c5ad44d","modified":1714130040712},{"_id":"node_modules\\hexo-theme-stellar\\source\\css\\_common\\highlight.styl","hash":"6f63e3483f4025e0d66e04f6d4cc0c7d6ad535d4","modified":1714130040710},{"_id":"node_modules\\hexo-theme-stellar\\source\\css\\_common\\media.styl","hash":"fa7dbcaa31089fe547acb01a767af97fb019bba6","modified":1714130040713},{"_id":"node_modules\\hexo-theme-stellar\\source\\css\\_common\\blur.styl","hash":"43441caaee7b7ab011a26016362b023263cd64a8","modified":1714130040707},{"_id":"node_modules\\hexo-theme-stellar\\source\\css\\_common\\pre.styl","hash":"be7ecc0a1cdd2e6f1594c4cc238734b2dc3a2c4e","modified":1714130040714},{"_id":"node_modules\\hexo-theme-stellar\\source\\css\\_common\\button.styl","hash":"b76954603704b710e641b8fce09c7b56f9fa7a4a","modified":1714130040709},{"_id":"node_modules\\hexo-theme-stellar\\source\\css\\_common\\loading.styl","hash":"6962fd568ad9779146742b8b8928cec107972e8e","modified":1714130040713},{"_id":"node_modules\\hexo-theme-stellar\\source\\css\\_common\\span.styl","hash":"86462ffaf1603b5d5ab6534c0f7fe0eb495aad2d","modified":1714130040714},{"_id":"node_modules\\hexo-theme-stellar\\source\\css\\_common\\svg.styl","hash":"aa2ae391db2ea028b9221740b24fca7f7e9ff16c","modified":1714130040715},{"_id":"node_modules\\hexo-theme-stellar\\source\\css\\_common\\toast.styl","hash":"f2930874174763da2338fa95087c345bf5c41800","modified":1714130040716},{"_id":"node_modules\\hexo-theme-stellar\\source\\css\\_common\\title.styl","hash":"c9009b6c52a1ea4dfb6c2f56b1c3fc6de8a2c63a","modified":1714130040715},{"_id":"node_modules\\hexo-theme-stellar\\source\\css\\_defines\\const.styl","hash":"c62a434f1eef895d343cb8255a19c6f1a6c73195","modified":1714130040717},{"_id":"node_modules\\hexo-theme-stellar\\source\\css\\_defines\\func.styl","hash":"c5a411aeb71b82986508987e61819bdb229366c0","modified":1714130040718},{"_id":"node_modules\\hexo-theme-stellar\\source\\css\\_layout\\index.styl","hash":"7a7ab293e065116646102546c6bab01166836059","modified":1714130040719},{"_id":"node_modules\\hexo-theme-stellar\\source\\css\\_layout\\layout.styl","hash":"b7eb188db92bb9a32ae180969838f6eda2ec9640","modified":1714130040720},{"_id":"node_modules\\hexo-theme-stellar\\source\\css\\_layout\\list.styl","hash":"326015062dd68c7ee8272416cf4f7732d20482cb","modified":1714130040720},{"_id":"node_modules\\hexo-theme-stellar\\source\\css\\_layout\\main.styl","hash":"41040b445d23ff4e56656ce3ca4e0fd7fd67d67b","modified":1714130040721},{"_id":"node_modules\\hexo-theme-stellar\\source\\css\\_plugins\\aplayer.styl","hash":"00b6e9209638eef9f70e75a24a5a90b05f7b5347","modified":1714130040722},{"_id":"node_modules\\hexo-theme-stellar\\source\\css\\_layout\\md.styl","hash":"55c6f6f73468229159d895de08282e0d75b167b1","modified":1714130040721},{"_id":"node_modules\\hexo-theme-stellar\\source\\css\\_plugins\\fancybox.styl","hash":"411d1bfc64bc9e5228249788af7b55de33f08427","modified":1714130040723},{"_id":"node_modules\\hexo-theme-stellar\\source\\css\\_defines\\theme.styl","hash":"024a2a360876606d66a3fffafb20b4492007b447","modified":1714130040718},{"_id":"node_modules\\hexo-theme-stellar\\source\\css\\_plugins\\katex.styl","hash":"64a0208a475811c8a022536441188a161d9dd05d","modified":1714130040725},{"_id":"node_modules\\hexo-theme-stellar\\source\\css\\_plugins\\lazyload.styl","hash":"6cd216067594d07c097a66e2403df36a1abbe6d6","modified":1714130040725},{"_id":"node_modules\\hexo-theme-stellar\\source\\css\\_plugins\\scrollreveal.styl","hash":"21b9125c1bae3e5348547e85500ceb992de21923","modified":1714130040726},{"_id":"node_modules\\hexo-theme-stellar\\source\\css\\_plugins\\copycode.styl","hash":"a9f27136143eb779d1aeb903e863c94a98b82aac","modified":1714130040722},{"_id":"node_modules\\hexo-theme-stellar\\source\\css\\_plugins\\index.styl","hash":"f96caf6f1d582973bc71199eee478cfc9fe88085","modified":1714130040723},{"_id":"node_modules\\hexo-theme-stellar\\source\\css\\_plugins\\tianli_gpt.styl","hash":"6cc2d27b8ec0296de09ce38d15abdd966702b79a","modified":1714130040728},{"_id":"node_modules\\hexo-theme-stellar\\source\\css\\_plugins\\mermaid.styl","hash":"68a8afe8c1f690264c77fa0705de56f420da56b7","modified":1714130040726},{"_id":"node_modules\\hexo-theme-stellar\\source\\js\\plugins\\copycode.js","hash":"607cad4607771973f9cfd93476192b883cc9edec","modified":1714130040728},{"_id":"node_modules\\hexo-theme-stellar\\source\\css\\_plugins\\swiper.styl","hash":"46179e1e9ca273f4e095388d981acdc9fce5bdb8","modified":1714130040727},{"_id":"node_modules\\hexo-theme-stellar\\source\\js\\search\\local-search.js","hash":"f9b5e7a9eeaf82e227c7f58248cdda40b2fbb032","modified":1714130040731},{"_id":"node_modules\\hexo-theme-stellar\\source\\js\\services\\friends.js","hash":"581a2baa085df422b752cbec098ca56aac691790","modified":1714130040733},{"_id":"node_modules\\hexo-theme-stellar\\source\\js\\search\\algolia-search.js","hash":"2b4cc743d66fbdbe37f2311963d54d957637ca3e","modified":1714130040730},{"_id":"node_modules\\hexo-theme-stellar\\source\\js\\services\\fcircle.js","hash":"add550bfb204a2057661d4d6630d78ebf485754d","modified":1714130040731},{"_id":"node_modules\\hexo-theme-stellar\\source\\js\\services\\mdrender.js","hash":"947f476e6dd8ca6a75f87f6ac6f2fbb2b0861e82","modified":1714130040734},{"_id":"node_modules\\hexo-theme-stellar\\source\\js\\services\\ghinfo.js","hash":"94b86ce42dd765e9a4c1befa72ee9648d7ec6f88","modified":1714130040733},{"_id":"node_modules\\hexo-theme-stellar\\source\\js\\services\\siteinfo.js","hash":"74da788f29862604cd53f6b82b036ff56c715d21","modified":1714130040735},{"_id":"node_modules\\hexo-theme-stellar\\source\\js\\services\\memos.js","hash":"9d8e2976765ed15a739969752556b3ee28b1f283","modified":1714130040734},{"_id":"node_modules\\hexo-theme-stellar\\source\\js\\services\\sites.js","hash":"5626b70d13360933c581983dcda422e4fccdc810","modified":1714130040735},{"_id":"node_modules\\hexo-theme-stellar\\layout\\_partial\\comments\\beaudar\\layout.ejs","hash":"431848ce38c18589ddb54d5e705bd7792872c199","modified":1714130040739},{"_id":"node_modules\\hexo-theme-stellar\\layout\\_partial\\comments\\artalk\\layout.ejs","hash":"14b26d696ba6644ef9d5854e1b4a8fda028bddb9","modified":1714130040737},{"_id":"node_modules\\hexo-theme-stellar\\layout\\_partial\\comments\\beaudar\\script.ejs","hash":"c2171249b79e549edbcdbbaf0d1f0c9deed2f033","modified":1714130040739},{"_id":"node_modules\\hexo-theme-stellar\\source\\js\\services\\timeline.js","hash":"41cde82427726c3366b64b1f54f1aed9bc20fcf1","modified":1714130040736},{"_id":"node_modules\\hexo-theme-stellar\\layout\\_partial\\comments\\artalk\\script.ejs","hash":"82aae1b1a5a5db2113935742f3fae5fc7d6f0177","modified":1714130040738},{"_id":"node_modules\\hexo-theme-stellar\\layout\\_partial\\comments\\giscus\\layout.ejs","hash":"144e313ab45889c715ea1cfff3976b1f1322469e","modified":1714130040740},{"_id":"node_modules\\hexo-theme-stellar\\layout\\_partial\\comments\\twikoo\\layout.ejs","hash":"a3d429f4eafc582f739dd48865b39afd7c22ed56","modified":1714130040741},{"_id":"node_modules\\hexo-theme-stellar\\layout\\_partial\\comments\\giscus\\script.ejs","hash":"35cc20ffa353c49ed8cdc0c27c7aea20cfe52b90","modified":1714130040740},{"_id":"node_modules\\hexo-theme-stellar\\layout\\_partial\\comments\\twikoo\\script.ejs","hash":"1b9d294c8be6d4ea58dfd5617f8561bad234e133","modified":1714130040741},{"_id":"node_modules\\hexo-theme-stellar\\layout\\_partial\\comments\\utterances\\layout.ejs","hash":"431848ce38c18589ddb54d5e705bd7792872c199","modified":1714130040742},{"_id":"node_modules\\hexo-theme-stellar\\layout\\_partial\\comments\\utterances\\script.ejs","hash":"c64d639c7cea2ce37973c786910b7964e6b41e6c","modified":1714130040742},{"_id":"node_modules\\hexo-theme-stellar\\source\\js\\services\\weibo.js","hash":"437e631539f3a50cf8b46ff17008404609c1c481","modified":1714130040737},{"_id":"node_modules\\hexo-theme-stellar\\layout\\_partial\\comments\\waline\\layout.ejs","hash":"2abe764ffeab5603645b0e5148a17e9373de5eb4","modified":1714130040744},{"_id":"node_modules\\hexo-theme-stellar\\layout\\_partial\\comments\\waline\\script.ejs","hash":"d7d9a3959afff50e901532af211ec9805c84d67d","modified":1714130040744},{"_id":"node_modules\\hexo-theme-stellar\\layout\\_partial\\main\\article\\read_next.ejs","hash":"30c9e20e6835fa92a528de61041742ff42cc2af0","modified":1714130040746},{"_id":"node_modules\\hexo-theme-stellar\\layout\\_partial\\main\\article\\article_footer.ejs","hash":"ea08a1daf4569f8a623ba0039d20bc150610c8c7","modified":1714130040745},{"_id":"node_modules\\hexo-theme-stellar\\layout\\_partial\\main\\navbar\\article_banner.ejs","hash":"877fca38602c76cc9ced6f739e3929091f0d2f74","modified":1714130040747},{"_id":"node_modules\\hexo-theme-stellar\\layout\\_partial\\main\\article\\related_posts.ejs","hash":"d771cdb24dd2a31cdadeed5c98c016675dc0c02a","modified":1714130040746},{"_id":"node_modules\\hexo-theme-stellar\\layout\\_partial\\main\\navbar\\nav_tabs_wiki.ejs","hash":"bb8644df466868a879fc97bc364f1aba6b1137cf","modified":1714130040749},{"_id":"node_modules\\hexo-theme-stellar\\layout\\_partial\\main\\navbar\\dateinfo.ejs","hash":"8bec18d89f073fe5a7c669910fd2a8efc1fdb5e5","modified":1714130040747},{"_id":"node_modules\\hexo-theme-stellar\\layout\\_partial\\main\\post_list\\paginator.ejs","hash":"1a4b3bc64325ec7d5932ea78c36f2ec4978c09eb","modified":1714130040749},{"_id":"node_modules\\hexo-theme-stellar\\layout\\_partial\\main\\navbar\\ghinfo.ejs","hash":"f5177430efd994b7c2d9d3104a58b0f1f60f4a00","modified":1714130040748},{"_id":"node_modules\\hexo-theme-stellar\\layout\\_partial\\main\\post_list\\post_card.ejs","hash":"dab8decf3ebf7a2d4d829a534af76e8500fbffbb","modified":1714130040750},{"_id":"node_modules\\hexo-theme-stellar\\layout\\_partial\\main\\navbar\\nav_tabs_blog.ejs","hash":"e66b369babf79bc84108bbc12d1ea7f7144cf33e","modified":1714130040748},{"_id":"node_modules\\hexo-theme-stellar\\layout\\_partial\\main\\post_list\\topic_card.ejs","hash":"9f100016e7cfa07c8728f9c3cf9543ed3ed43cfe","modified":1714130040750},{"_id":"node_modules\\hexo-theme-stellar\\layout\\_partial\\main\\post_list\\wiki_card.ejs","hash":"d2676c1817f09be21008fbf1c2a25e3c9dc1793f","modified":1714130040751},{"_id":"node_modules\\hexo-theme-stellar\\layout\\_partial\\widgets\\components\\edit.ejs","hash":"9d976ca956c73128f72f39ca7641ceb5240b15a1","modified":1714130040751},{"_id":"node_modules\\hexo-theme-stellar\\layout\\_partial\\widgets\\components\\link.ejs","hash":"eee3e54cca066643d973f7bc1e2af6230121e634","modified":1714130040752},{"_id":"node_modules\\hexo-theme-stellar\\source\\css\\_layout\\pages\\archives.styl","hash":"a99f09f4cc948588d071f8cd95362f2d70ec4c40","modified":1714130040753},{"_id":"node_modules\\hexo-theme-stellar\\layout\\_partial\\widgets\\components\\linklist.ejs","hash":"91f3a83ff54284200951637c0cfcd3e4e613942e","modified":1714130040753},{"_id":"node_modules\\hexo-theme-stellar\\source\\css\\_layout\\partial\\article-banner.styl","hash":"2347a0f66b52ca1a8aab6e9e5e3cf7d4174aa141","modified":1714130040755},{"_id":"node_modules\\hexo-theme-stellar\\source\\css\\_layout\\partial\\bread-nav.styl","hash":"daf58b32af0b5dfea6cbfa1c3cab695976e57164","modified":1714130040756},{"_id":"node_modules\\hexo-theme-stellar\\source\\css\\_layout\\pages\\error.styl","hash":"91f9df285a87bc7b7e9da19d547ea4b1dc392828","modified":1714130040754},{"_id":"node_modules\\hexo-theme-stellar\\source\\css\\_layout\\partial\\article-footer.styl","hash":"762c38e63aebbd028b5aed264349fa1d2a14e8af","modified":1714130040755},{"_id":"node_modules\\hexo-theme-stellar\\source\\css\\_layout\\partial\\cover.styl","hash":"ef44c47d0a70feb84d69cf8bb2bc6977f61b94f2","modified":1714130040756},{"_id":"node_modules\\hexo-theme-stellar\\source\\css\\_layout\\partial\\footer.styl","hash":"363fd4daf060fbf7de56fe5df787bc325565791b","modified":1714130040757},{"_id":"node_modules\\hexo-theme-stellar\\source\\css\\_layout\\sidebar\\footer.styl","hash":"ac3423d488259ea467e95325e12f57476a9bdc9c","modified":1714130040759},{"_id":"node_modules\\hexo-theme-stellar\\source\\css\\_layout\\partial\\paginator.styl","hash":"d5a64f3820ffc0913086c9fa35b26391eb023e61","modified":1714130040758},{"_id":"node_modules\\hexo-theme-stellar\\source\\css\\_layout\\partial\\navbar.styl","hash":"282291ee0f876ea14cff671555ab9defe8fc2318","modified":1714130040758},{"_id":"node_modules\\hexo-theme-stellar\\source\\css\\_layout\\partial\\related.styl","hash":"b413ab434cfb778384fbac64d43da41437435aa0","modified":1714130040759},{"_id":"node_modules\\hexo-theme-stellar\\source\\css\\_layout\\sidebar\\sidebar.styl","hash":"aaac0bc311badd146a11d3276ce89a4361c52ad4","modified":1714130040762},{"_id":"node_modules\\hexo-theme-stellar\\source\\css\\_layout\\sidebar\\menu.styl","hash":"57f772066edaa2cbe560622de28035780ad9000b","modified":1714130040761},{"_id":"node_modules\\hexo-theme-stellar\\source\\css\\_layout\\sidebar\\logo.styl","hash":"f81eb3d7a49c71f728d8bf42081bde30c6ff596e","modified":1714130040760},{"_id":"node_modules\\hexo-theme-stellar\\source\\css\\_layout\\sidebar\\nav-area.styl","hash":"5302a72d15f7c35b391da723e84592f1129fca57","modified":1714130040761},{"_id":"node_modules\\hexo-theme-stellar\\source\\css\\_layout\\tag-plugins\\about.styl","hash":"cdaf1ccd782db961cecda0802c94dabe27656731","modified":1714130040763},{"_id":"node_modules\\hexo-theme-stellar\\source\\css\\_layout\\tag-plugins\\banner.styl","hash":"f49a123a61cb02c65eebb79adefae9a6f8b8e2fc","modified":1714130040764},{"_id":"node_modules\\hexo-theme-stellar\\source\\css\\_layout\\tag-plugins\\button.styl","hash":"19469c881d8798916ea45ec11ecd5348146e7927","modified":1714130040764},{"_id":"node_modules\\hexo-theme-stellar\\source\\css\\_layout\\sidebar\\search.styl","hash":"ea880602a99ed8cb9b87f410e1f340b4d23d38e8","modified":1714130040762},{"_id":"node_modules\\hexo-theme-stellar\\source\\css\\_layout\\tag-plugins\\checkbox.styl","hash":"1cd33e27fd539ed2a6cb41d4fc59294f1dd315b4","modified":1714130040764},{"_id":"node_modules\\hexo-theme-stellar\\source\\css\\_layout\\tag-plugins\\emoji.styl","hash":"100d2e0c43496464dd97fa83fa3e603e68bf30e9","modified":1714130040766},{"_id":"node_modules\\hexo-theme-stellar\\source\\css\\_layout\\tag-plugins\\copy.styl","hash":"2e00b4923bf8a4cf1b742d19cf26165cc65fcffe","modified":1714130040765},{"_id":"node_modules\\hexo-theme-stellar\\source\\css\\_layout\\tag-plugins\\folders.styl","hash":"2eae18b521a613a19dd6399dcb5504f843dcbb88","modified":1714130040767},{"_id":"node_modules\\hexo-theme-stellar\\source\\css\\_layout\\tag-plugins\\common.styl","hash":"e6e31bca9603def335e6e55dd7eb5479758e41e7","modified":1714130040765},{"_id":"node_modules\\hexo-theme-stellar\\source\\css\\_layout\\tag-plugins\\frame.styl","hash":"f8621b5a155ea78c5828e7ccbd1dfe6a72c9733c","modified":1714130040768},{"_id":"node_modules\\hexo-theme-stellar\\source\\css\\_layout\\tag-plugins\\friends.styl","hash":"4d412ca8388ff65979b9a619a7ae2fe212a90bac","modified":1714130040768},{"_id":"node_modules\\hexo-theme-stellar\\source\\css\\_layout\\tag-plugins\\folding.styl","hash":"84eb11a5a5808f3a4bd0985d97a7b108a36fd044","modified":1714130040767},{"_id":"node_modules\\hexo-theme-stellar\\source\\css\\_layout\\tag-plugins\\gallery.styl","hash":"52be8d049ce7533084aa3a6f361b4f365086af02","modified":1714130040768},{"_id":"node_modules\\hexo-theme-stellar\\source\\css\\_layout\\tag-plugins\\ghcard.styl","hash":"98a50d3fab79ce03dd7f161fe3442d803712c284","modified":1714130040770},{"_id":"node_modules\\hexo-theme-stellar\\source\\css\\_layout\\tag-plugins\\grid.styl","hash":"606311fa8326152f99fc721284a09e06490d0cca","modified":1714130040770},{"_id":"node_modules\\hexo-theme-stellar\\source\\css\\_layout\\tag-plugins\\image.styl","hash":"beb0eb953d11489d4eaf16282784625062c81d9f","modified":1714130040771},{"_id":"node_modules\\hexo-theme-stellar\\source\\css\\_layout\\tag-plugins\\inline-labels.styl","hash":"96aad4c7710ed7097842fab77473b66a298b6e3f","modified":1714130040772},{"_id":"node_modules\\hexo-theme-stellar\\source\\css\\_layout\\tag-plugins\\hashtag.styl","hash":"0e2e74fcff5c30be9533e451a1c06ed1477dc9aa","modified":1714130040770},{"_id":"node_modules\\hexo-theme-stellar\\source\\css\\_layout\\tag-plugins\\link.styl","hash":"b91bb69a2f84567f87c2665c3dbaeb8831487185","modified":1714130040772},{"_id":"node_modules\\hexo-theme-stellar\\source\\css\\_layout\\tag-plugins\\mark.styl","hash":"1227da0705c294abab7030439d1e505c6b304ccf","modified":1714130040773},{"_id":"node_modules\\hexo-theme-stellar\\source\\css\\_layout\\tag-plugins\\media.styl","hash":"99cdaf447f8066738023a07163711c544fbed25a","modified":1714130040773},{"_id":"node_modules\\hexo-theme-stellar\\source\\css\\_layout\\tag-plugins\\icon.styl","hash":"ea5372d1042db221f6c3ce5a31e18153c5e00d39","modified":1714130040771},{"_id":"node_modules\\hexo-theme-stellar\\source\\css\\_layout\\tag-plugins\\navbar.styl","hash":"c2c3da16355f2dfd316edd11d9f2f2c50bc5299c","modified":1714130040773},{"_id":"node_modules\\hexo-theme-stellar\\source\\css\\_layout\\tag-plugins\\note.styl","hash":"5e59f5ab728c2ad5b5e4e06b0dd694407bb14096","modified":1714130040774},{"_id":"node_modules\\hexo-theme-stellar\\source\\css\\_layout\\tag-plugins\\override.styl","hash":"6a31ef8c4dc7caa655ed7d852100abb2711ab5ac","modified":1714130040775},{"_id":"node_modules\\hexo-theme-stellar\\source\\css\\_layout\\tag-plugins\\okr.styl","hash":"0c2d281e90c8cb1a0de5ff516dca0e08ae7db141","modified":1714130040774},{"_id":"node_modules\\hexo-theme-stellar\\source\\css\\_layout\\tag-plugins\\poetry.styl","hash":"6d15463121a741b69249318cadabf4bd06b4b3c6","modified":1714130040775},{"_id":"node_modules\\hexo-theme-stellar\\source\\css\\_layout\\tag-plugins\\quot.styl","hash":"06f7f98457e9c814621316f93b5f04686cdb6e2f","modified":1714130040776},{"_id":"node_modules\\hexo-theme-stellar\\source\\css\\_layout\\tag-plugins\\sites.styl","hash":"0b765b154695d544fa5dfab562e60a48c49f8547","modified":1714130040776},{"_id":"node_modules\\hexo-theme-stellar\\source\\css\\_layout\\tag-plugins\\tabs.styl","hash":"b9bb4cf9442c0d4c09951c2fb886dbf8d0fe8de0","modified":1714130040777},{"_id":"node_modules\\hexo-theme-stellar\\source\\css\\_layout\\tag-plugins\\timeline.styl","hash":"a5ef35db9c54905770c0ab68471ec054b0a83d9e","modified":1714130040777},{"_id":"node_modules\\hexo-theme-stellar\\source\\css\\_layout\\tag-plugins\\toc.styl","hash":"18577b1c775f14da4b70cf3a8db56aa229f733c8","modified":1714130040778},{"_id":"node_modules\\hexo-theme-stellar\\source\\css\\_layout\\widgets\\components.styl","hash":"34280561524a535342da3f246443b2a94fef074d","modified":1714130040779},{"_id":"node_modules\\hexo-theme-stellar\\source\\css\\_layout\\widgets\\ghrepo.styl","hash":"73d5baa3dfcc9e73fc7470e1ebe244857ffd75c1","modified":1714130040779},{"_id":"node_modules\\hexo-theme-stellar\\source\\css\\_layout\\widgets\\ghuser.styl","hash":"16c62c701f9cf6a253c6390d43eaa01cfd7600b1","modified":1714130040780},{"_id":"node_modules\\hexo-theme-stellar\\source\\css\\_layout\\widgets\\list.styl","hash":"176281f5ccc64f87da4bbd4e34316e32017bc3b4","modified":1714130040780},{"_id":"node_modules\\hexo-theme-stellar\\source\\css\\_layout\\widgets\\markdown.styl","hash":"f5a431cd88fca7f328634e13eff50a55b34b734b","modified":1714130040830},{"_id":"node_modules\\hexo-theme-stellar\\source\\css\\_layout\\widgets\\related.styl","hash":"8464b5adb8ffcd086d0e748849d907871d149223","modified":1714130040831},{"_id":"node_modules\\hexo-theme-stellar\\source\\css\\_layout\\widgets\\tagcloud.styl","hash":"c452b18f1242c634c0e124a46414cbc7c65da494","modified":1714130040831},{"_id":"node_modules\\hexo-theme-stellar\\source\\css\\_layout\\widgets\\toc.styl","hash":"f290d98a4d721b523b0c972b7de61a86b05b1086","modified":1714130040833},{"_id":"node_modules\\hexo-theme-stellar\\source\\css\\_layout\\widgets\\widgets.styl","hash":"7d383e58d54bf40806027fa22ab0ba70b5ab4fde","modified":1714130040833},{"_id":"node_modules\\hexo-theme-stellar\\source\\css\\_layout\\widgets\\timeline.styl","hash":"ab1901de4acfe89b642cd721d7d08b1b0009661b","modified":1714130040832},{"_id":"node_modules\\hexo-theme-stellar\\source\\css\\_plugins\\comments\\artalk.styl","hash":"279d7185e0ea65a8f5e1f783eaa3f83bc7bf3555","modified":1714130040834},{"_id":"node_modules\\hexo-theme-stellar\\source\\css\\_plugins\\comments\\beaudar.styl","hash":"e9800f67a650f1c022aee494768e05da76e6a6b7","modified":1714130040835},{"_id":"node_modules\\hexo-theme-stellar\\source\\css\\_plugins\\comments\\utterances.styl","hash":"be43f728d9515acaf050fbb3eed83cfefa2fe702","modified":1714130040836},{"_id":"node_modules\\hexo-theme-stellar\\layout\\_partial\\main\\navbar\\breadcrumb\\blog.ejs","hash":"0e3ff0a54e75acf562fd06d3d2c3ea03e0df7e81","modified":1714130040838},{"_id":"node_modules\\hexo-theme-stellar\\layout\\_partial\\main\\navbar\\breadcrumb\\wiki.ejs","hash":"c878619b0e8835e9a53a3b460ab5c707e9a3fb61","modified":1714130040839},{"_id":"node_modules\\hexo-theme-stellar\\source\\css\\_plugins\\comments\\waline.styl","hash":"390df153b3f07e6ac648a91ca1384f3606891d5c","modified":1714130040836},{"_id":"node_modules\\hexo-theme-stellar\\layout\\_partial\\main\\navbar\\breadcrumb\\page.ejs","hash":"66fca0ad5ae3ceaa8fa1f698713c4882fc0341c3","modified":1714130040838},{"_id":"node_modules\\hexo-theme-stellar\\source\\css\\_plugins\\comments\\twikoo.styl","hash":"c30662f7635bbfd7b4ecde949fdec40aee4b6bce","modified":1714130040835},{"_id":"public/search.json","hash":"967b313d29aea092b282a4f72ce5a2d3fc9dd782","modified":1719555564144},{"_id":"public/404.html","hash":"952cddd878a9e753ca8796c571650a2a61e85212","modified":1719555564144},{"_id":"public/friends/physics.html","hash":"a41746ed2092f4dda5da3f49e57e0ceec0bb8ee2","modified":1719555564144},{"_id":"public/friends/index.html","hash":"82c13601e430189d4c7954ab4466d074dd34382c","modified":1719555564144},{"_id":"public/friends/SJTU/physics.html","hash":"2abbd88750a88c8eb1ec1f1aac57370033cbfb26","modified":1719555564144},{"_id":"public/friends/sgy.html","hash":"6805fb7b054dd0867c924e18cf83e19577ce1646","modified":1719555564144},{"_id":"public/wiki/test/index.html","hash":"c957a22c619c6450f85e291267db3245d82ad5b6","modified":1719555564144},{"_id":"public/wiki/test/examples.html","hash":"41936e6da39f9d561eda7233db47f7d91eb776a6","modified":1719555564144},{"_id":"public/wiki/test/releases.html","hash":"6e3b872d964730cb70075dc2c9b63cc28e4cade5","modified":1719555564144},{"_id":"public/2024/04/26/intro/index.html","hash":"cc8f1b497870401f9f2f63cfbd54512b118c633a","modified":1719555564144},{"_id":"public/archives/index.html","hash":"4b5a691fe92c4d4256e744424493e5474e41731b","modified":1719555564144},{"_id":"public/archives/2024/index.html","hash":"b90aaa74366e34fbe3595d6731fe80850a9a717c","modified":1719555564144},{"_id":"public/archives/2024/04/index.html","hash":"e9a243c462a99470cef71c844fcb212c80bbafde","modified":1719555564144},{"_id":"public/index.html","hash":"c9e1304eeda6909023bdd74d3c22fbb973b3b3e7","modified":1719555564144},{"_id":"public/wiki/index.html","hash":"cfbacf9edbe8129868c4d2847b74bc382a51d463","modified":1719555564144},{"_id":"public/js/main.js","hash":"ab563d681848bbfee4456fe269f1c1008678861e","modified":1719555564144},{"_id":"public/js/search/algolia-search.js","hash":"2b4cc743d66fbdbe37f2311963d54d957637ca3e","modified":1719555564144},{"_id":"public/js/plugins/copycode.js","hash":"607cad4607771973f9cfd93476192b883cc9edec","modified":1719555564144},{"_id":"public/js/services/fcircle.js","hash":"add550bfb204a2057661d4d6630d78ebf485754d","modified":1719555564144},{"_id":"public/js/services/friends.js","hash":"581a2baa085df422b752cbec098ca56aac691790","modified":1719555564144},{"_id":"public/js/search/local-search.js","hash":"f9b5e7a9eeaf82e227c7f58248cdda40b2fbb032","modified":1719555564144},{"_id":"public/js/services/mdrender.js","hash":"947f476e6dd8ca6a75f87f6ac6f2fbb2b0861e82","modified":1719555564144},{"_id":"public/js/services/ghinfo.js","hash":"94b86ce42dd765e9a4c1befa72ee9648d7ec6f88","modified":1719555564144},{"_id":"public/js/services/siteinfo.js","hash":"74da788f29862604cd53f6b82b036ff56c715d21","modified":1719555564144},{"_id":"public/js/services/memos.js","hash":"9d8e2976765ed15a739969752556b3ee28b1f283","modified":1719555564144},{"_id":"public/js/services/weibo.js","hash":"437e631539f3a50cf8b46ff17008404609c1c481","modified":1719555564144},{"_id":"public/js/services/timeline.js","hash":"41cde82427726c3366b64b1f54f1aed9bc20fcf1","modified":1719555564144},{"_id":"public/js/services/sites.js","hash":"5626b70d13360933c581983dcda422e4fccdc810","modified":1719555564144},{"_id":"public/css/main.css","hash":"9606bd487d14b0c001d0139614b705ff2fcf1154","modified":1719555564144}],"Category":[],"Data":[{"_id":"wiki","data":["test","friends","others"]},{"_id":"wiki/friends","data":{"name":"友人录","encoding":"UTF-8","language":"zh-CN","base_dir":"/friends","search":{"filter":"/friends","placeholder":"在 Friends 中搜索..."},"leftbar":["tree"],"tree":{"总览":["index"],"USTC":["physics","sgy"],"友校":["SJTU/physics"]}}},{"_id":"wiki/test","data":{"name":"Wiki 测试版","encoding":"UTF-8","language":"zh-CN","base_dir":"/wiki/test/","search":{"filter":"/wiki/test/","placeholder":"在 Stellar 中搜索..."},"leftbar":["tree"],"tree":{"快速开始":["index","examples","releases"],"基本使用":["theme-settings","pages","sidebar","tag-plugins","tag-plugins/express","tag-plugins/data","tag-plugins/container","comments"],"文档系统":["wiki-settings"],"进阶玩法":["widgets","advanced-settings","notes","fcircle"],"技术支持":["articles","todo","contributors"]}}}],"Page":[{"wiki":"friends","menu_id":"friends","title":"Physics | 物理学专业 校友","_content":"\n这里本应记载着一些来自物理学专业的校友们","source":"friends/physics.md","raw":"---\nwiki: friends\nmenu_id: friends\ntitle: Physics | 物理学专业 校友\n---\n\n这里本应记载着一些来自物理学专业的校友们","date":"2024-05-07T17:48:52.189Z","updated":"2024-05-07T17:48:52.189Z","path":"friends/physics.html","comments":1,"layout":"page","_id":"clxyazh7x0000ygv5gcknf365","content":"<p>这里本应记载着一些来自物理学专业的校友们</p>\n","excerpt":"","more":"<p>这里本应记载着一些来自物理学专业的校友们</p>\n"},{"wiki":"friends","menu_id":"friends","title":"Index | 首页","_content":"\n欢迎来到校友列表","source":"friends/index.md","raw":"\n---\nwiki: friends\nmenu_id: friends\ntitle: Index | 首页\n---\n\n欢迎来到校友列表","date":"2024-05-07T17:48:44.704Z","updated":"2024-05-07T17:48:44.704Z","path":"friends/index.html","comments":1,"layout":"page","_id":"clxyazh7z0001ygv57piy6e3h","content":"<p>欢迎来到校友列表</p>\n","excerpt":"","more":"<p>欢迎来到校友列表</p>\n"},{"wiki":"friends","menu_id":"friends","title":"SJTU-Physics | 上海交通大学-物理学专业 校友","_content":"\n这里本应记载着一些来自上海交通大学物理学专业的朋友们","source":"friends/SJTU/physics.md","raw":"---\nwiki: friends\nmenu_id: friends\ntitle: SJTU-Physics | 上海交通大学-物理学专业 校友\n---\n\n这里本应记载着一些来自上海交通大学物理学专业的朋友们","date":"2024-05-07T17:48:47.377Z","updated":"2024-05-07T17:48:47.377Z","path":"friends/SJTU/physics.html","comments":1,"layout":"page","_id":"clxyazh800002ygv551ead0pc","content":"<p>这里本应记载着一些来自上海交通大学物理学专业的朋友们</p>\n","excerpt":"","more":"<p>这里本应记载着一些来自上海交通大学物理学专业的朋友们</p>\n"},{"wiki":"friends","menu_id":"friends","title":"SGY | 少年班学院 校友","_content":"\n这里本应记载着一些来自少年班学院的校友们","source":"friends/sgy.md","raw":"---\nwiki: friends\nmenu_id: friends\ntitle: SGY | 少年班学院 校友\n---\n\n这里本应记载着一些来自少年班学院的校友们","date":"2024-05-07T17:48:49.744Z","updated":"2024-05-07T17:48:49.744Z","path":"friends/sgy.html","comments":1,"layout":"page","_id":"clxyazh810003ygv549j75vmg","content":"<p>这里本应记载着一些来自少年班学院的校友们</p>\n","excerpt":"","more":"<p>这里本应记载着一些来自少年班学院的校友们</p>\n"},{"wiki":"test","title":"Index | 首页","_content":"\n欢迎来到200！","source":"wiki/test/index.md","raw":"\n---\nwiki: test\ntitle: Index | 首页\n---\n\n欢迎来到200！","date":"2024-05-07T17:01:18.568Z","updated":"2024-05-07T17:01:18.568Z","path":"wiki/test/index.html","comments":1,"layout":"page","_id":"clxyazh810004ygv5ahr9glxa","content":"<p>欢迎来到200！</p>\n","excerpt":"","more":"<p>欢迎来到200！</p>\n"},{"wiki":"test","title":"Examples | 测试用例","_content":"\n这里存放了一些博客开发过程中需要的测试用例。","source":"wiki/test/examples.md","raw":"\n---\nwiki: test\ntitle: Examples | 测试用例\n---\n\n这里存放了一些博客开发过程中需要的测试用例。","date":"2024-05-07T17:14:09.398Z","updated":"2024-05-07T17:14:09.397Z","path":"wiki/test/examples.html","comments":1,"layout":"page","_id":"clxyazh8d0005ygv50vi369gw","content":"<p>这里存放了一些博客开发过程中需要的测试用例。</p>\n","excerpt":"","more":"<p>这里存放了一些博客开发过程中需要的测试用例。</p>\n"},{"wiki":"test","title":"Releases | 发行文件","_content":"\n这里展示了一些发行文件。","source":"wiki/test/releases.md","raw":"\n---\nwiki: test\ntitle: Releases | 发行文件\n---\n\n这里展示了一些发行文件。","date":"2024-05-07T17:14:19.638Z","updated":"2024-05-07T17:14:19.638Z","path":"wiki/test/releases.html","comments":1,"layout":"page","_id":"clxyazh8g0007ygv52yko01wl","content":"<p>这里展示了一些发行文件。</p>\n","excerpt":"","more":"<p>这里展示了一些发行文件。</p>\n"}],"Post":[{"title":"intro","date":"2024-04-26T11:49:12.000Z","_content":"\nWelcome to 200! This is our homepage: [Homepage](https://alice-shimada.github.io)!\n\n```python\nprint(\"Hello, 200!\")\n```","source":"_posts/intro.md","raw":"---\ntitle: intro\ndate: 2024-04-26 19:49:12\ntags:\n---\n\nWelcome to 200! This is our homepage: [Homepage](https://alice-shimada.github.io)!\n\n```python\nprint(\"Hello, 200!\")\n```","slug":"intro","published":1,"updated":"2024-04-26T11:57:32.574Z","comments":1,"layout":"post","photos":[],"_id":"clxyazh8d0006ygv554vz8jgw","content":"<p>Welcome to 200! This is our homepage: <a href=\"https://alice-shimada.github.io/\">Homepage</a>!</p>\n<figure class=\"highlight python\"><table><tr><td class=\"gutter\"><pre><span class=\"line\">1</span><br></pre></td><td class=\"code\"><pre><span class=\"line\"><span class=\"built_in\">print</span>(<span class=\"string\">&quot;Hello, 200!&quot;</span>)</span><br></pre></td></tr></table></figure>","excerpt":"","more":"<p>Welcome to 200! This is our homepage: <a href=\"https://alice-shimada.github.io/\">Homepage</a>!</p>\n<figure class=\"highlight python\"><table><tr><td class=\"gutter\"><pre><span class=\"line\">1</span><br></pre></td><td class=\"code\"><pre><span class=\"line\"><span class=\"built_in\">print</span>(<span class=\"string\">&quot;Hello, 200!&quot;</span>)</span><br></pre></td></tr></table></figure>"}],"PostAsset":[],"PostCategory":[],"PostTag":[],"Tag":[]}}